<?xml version="1.0" encoding="UTF-8"?>
<classpath>
	<classpathentry kind="src" path="src"/>
	<classpathentry kind="con" path="org.eclipse.jdt.launching.JRE_CONTAINER/org.eclipse.jdt.internal.debug.ui.launcher.StandardVMType/JavaSE-1.8"/>
	<classpathentry kind="con" path="org.eclipse.fx.ide.jdt.core.JAVAFX_CONTAINER"/>
	<classpathentry kind="lib" path="C:/Users/Jyoti Shukla/workspace/UniManagement/lib/mysql-connector-java-5.1.2.jar"/>
	<classpathentry kind="lib" path="build/externalLibs/jdom-2.0.6.jar"/>
	<classpathentry kind="lib" path="C:/Users/Jyoti Shukla/Desktop/jdom-2.0.6.jar"/>
	<classpathentry kind="lib" path="C:/Program Files/Java/jre1.8.0_121/lib/ext/jfxrt.jar"/>
	<classpathentry kind="output" path="bin"/>
</classpath>
