<?xml version="1.0" encoding="UTF-8"?>
<projectDescription>
	<name>LibraryManagementSystem</name>
	<comment></comment>
	<projects>
	</projects>
	<buildSpec>
		<buildCommand>
			<name>org.eclipse.jdt.core.javabuilder</name>
			<arguments>
			</arguments>
		</buildCommand>
		<buildCommand>
			<name>org.eclipse.xtext.ui.shared.xtextBuilder</name>
			<arguments>
			</arguments>
		</buildCommand>
		<buildCommand>
			<name>org.eclipse.ui.externaltools.ExternalToolBuilder</name>
			<triggers>full,incremental,</triggers>
			<arguments>
				<dictionary>
					<key>LaunchConfigHandle</key>
					<value>&lt;project&gt;/.externalToolBuilders/JFX Build - LibraryManagementSystem [Builder].launch</value>
				</dictionary>
			</arguments>
		</buildCommand>
	</buildSpec>
	<natures>
		<nature>org.eclipse.xtext.ui.shared.xtextNature</nature>
		<nature>org.eclipse.jdt.core.javanature</nature>
	</natures>
</projectDescription>
